[{"model": "products.category", "pk": 1, "fields": {"name": "dog_bandanas", "friendly_name": "Dog Bandanas"}}, {"model": "products.category", "pk": 2, "fields": {"name": "dog_collars", "friendly_name": "Dog Collars"}}, {"model": "products.category", "pk": 3, "fields": {"name": "dog_leads", "friendly_name": "Dog Leads"}}, {"model": "products.category", "pk": 4, "fields": {"name": "wb_dispensers", "friendly_name": "Waste Bag Dispensers"}}, {"model": "products.product", "pk": 50, "fields": {"category": 2, "sku": "DCBU001", "name": "BUKRAM COLLAR", "description": "The Bukram collar has a striking blue Ikat pattern which makes it beautifully eye-catching when worn by your furry companion!\r\n\r\nAll our dog collars and leads are made from cotton fabrics, bicycle inner-tubes and matching steel hardware.  To add to the strength of the product we include a durable polyester webbing sandwiched between the layers of fabric and finish each product with a (vegan) wax coating for water resistance.\r\n\r\nBoth the fabric and inner tubes are recycled materials sourced from local markets close to our workshop in India.\r\n\r\nWashing Instructions:\r\n\r\nPlease hand wash with warm water and mild detergent.", "has_sizes": true, "price": "20.00", "avg_rating": "0.0", "is_featured": true, "main_image": "bukram-collar-1.jpg"}}, {"model": "products.product", "pk": 51, "fields": {"category": 2, "sku": "DCSH001", "name": "SHIVU COLLAR", "description": "The Shivu collar has a striking geometric triangle pattern which makes it beautifully eye-catching when worn by your furry companion!\r\n\r\nAll our dog collars and leads are made from cotton fabrics, bicycle inner-tubes and matching steel hardware.  To add to the strength of the product we include a durable polyester webbing sandwiched between the layers of fabric and finish each product with a (vegan) wax coating for water resistance.\r\n\r\nBoth the fabric and inner tubes are recycled materials sourced from local markets close to our workshop in India.\r\n\r\nWashing Instructions:\r\n\r\nPlease hand wash with warm water and mild detergent.", "has_sizes": true, "price": "20.00", "avg_rating": "0.0", "is_featured": true, "main_image": "shivu-collar-1.jpg"}}, {"model": "products.product", "pk": 52, "fields": {"category": 2, "sku": "DCTO001", "name": "TOLLA COLLAR", "description": "The Tolla collar has a striking multi-coloured pattern which makes it beautifully eye-catching when worn by your furry companion!\r\n\r\nAll our dog collars and leads are made from cotton fabrics, bicycle inner-tubes and matching steel hardware.  To add to the strength of the product we include a durable polyester webbing sandwiched between the layers of fabric and finish each product with a (vegan) wax coating for water resistance.\r\n\r\nBoth the fabric and inner tubes are recycled materials sourced from local markets close to our workshop in India.\r\n\r\nWashing Instructions:\r\n\r\nPlease hand wash with warm water and mild detergent.", "has_sizes": true, "price": "20.00", "avg_rating": "0.0", "is_featured": true, "main_image": "tolla-collar-1.jpg"}}, {"model": "products.product", "pk": 53, "fields": {"category": 3, "sku": "DLSH001", "name": "SHIVU LEAD", "description": "The Shivu lead has a striking pink geometric triangle pattern which makes it beautifully eye-catching when out on a walk with your furry companion!\r\n\r\nAll our dog collars and leads are made from cotton fabrics, bicycle inner-tubes and matching steel hardware.  To add to the strength of the product we include a durable polyester webbing sandwiched between the layers of fabric and finish each product with a (vegan) wax coating for water resistance.\r\n\r\nBoth the fabric and inner tubes are recycled materials sourced from local markets close to our workshop in India.\r\n\r\nWashing Instructions:\r\n\r\nPlease hand wash with warm water and mild detergent.", "has_sizes": false, "price": "25.00", "avg_rating": "0.0", "is_featured": true, "main_image": "shivu-lead-1.jpg"}}, {"model": "products.product", "pk": 54, "fields": {"category": 3, "sku": "DLBU001", "name": "BUKRAM LEAD", "description": "The Bukram lead has a beautiful blue Ikat pattern which makes it beautifully eye-catching when out on a walk with your furry companion!\r\n\r\nAll our dog collars and leads are made from cotton fabrics, bicycle inner-tubes and matching steel hardware.  To add to the strength of the product we include a durable polyester webbing sandwiched between the layers of fabric and finish each product with a (vegan) wax coating for water resistance.\r\n\r\nBoth the fabric and inner tubes are recycled materials sourced from local markets close to our workshop in India.\r\n\r\nWashing Instructions:\r\n\r\nPlease hand wash with warm water and mild detergent.", "has_sizes": false, "price": "25.00", "avg_rating": "0.0", "is_featured": true, "main_image": "bukram-lead-1.jpg"}}, {"model": "products.product", "pk": 55, "fields": {"category": 3, "sku": "DLTO001", "name": "TOLLA LEAD", "description": "The Tolla lead has a beautiful multi-coloured pattern which makes it beautifully eye-catching when out on a walk with your furry companion!\r\n\r\nAll our dog collars and leads are made from cotton fabrics, bicycle inner-tubes and matching steel hardware.  To add to the strength of the product we include a durable polyester webbing sandwiched between the layers of fabric and finish each product with a (vegan) wax coating for water resistance.\r\n\r\nBoth the fabric and inner tubes are recycled materials sourced from local markets close to our workshop in India.\r\n\r\nWashing Instructions:\r\n\r\nPlease hand wash with warm water and mild detergent.", "has_sizes": false, "price": "25.00", "avg_rating": "0.0", "is_featured": true, "main_image": "tolla-lead-1.jpg"}}, {"model": "products.product", "pk": 56, "fields": {"category": 1, "sku": "DBTO001", "name": "TOLLA BANDANA", "description": "The Tolla bandana is a beautiful multi-coloured Ikat bandana with a striking pink pompom.\r\n\r\nIkat is a dyeing technique used to pattern textiles. The weavers use resist dyeing on the yarns prior to weaving the fabric. All our Ikat dog bandanas are made from fabric sourced from trusted suppliers in Kolkata. \r\n\r\nSizes:\r\n\r\nS/M - Fits Dog Collars from 24-40cm (fits our S/M collars perfectly!)\r\nM/L -Fits Dog Collars from 40cm-53cm (fits our M/L collars perfectly!)", "has_sizes": true, "price": "12.00", "avg_rating": "0.0", "is_featured": false, "main_image": "tolla-bandana.jpg"}}, {"model": "products.product", "pk": 57, "fields": {"category": 1, "sku": "DBSH001", "name": "SHIVU BANDANA", "description": "The Shivu bandana is a beautiful pink triangle patterned bandana with a striking orange pompom.\r\n\r\nIkat is a dyeing technique used to pattern textiles. The weavers use resist dyeing on the yarns prior to weaving the fabric. All our Ikat dog bandanas are made from fabric sourced from trusted suppliers in Kolkata. \r\n\r\nSizes:\r\n\r\nS/M - Fits Dog Collars from 24-40cm (fits our S/M collars perfectly!)\r\nM/L -Fits Dog Collars from 40cm-53cm (fits our M/L collars perfectly!)", "has_sizes": true, "price": "12.00", "avg_rating": "0.0", "is_featured": false, "main_image": "shivu-bandana.jpg"}}, {"model": "products.product", "pk": 58, "fields": {"category": 1, "sku": "DBBU001", "name": "BUKRAM BANDANA", "description": "The Tolla bandana is a beautiful blue Ikat bandana with a deep blue pompom.\r\n\r\nIkat is a dyeing technique used to pattern textiles. The weavers use resist dyeing on the yarns prior to weaving the fabric. All our Ikat dog bandanas are made from fabric sourced from trusted suppliers in Kolkata. \r\n\r\nSizes:\r\n\r\nS/M - Fits Dog Collars from 24-40cm (fits our S/M collars perfectly!)\r\nM/L -Fits Dog Collars from 40cm-53cm (fits our M/L collars perfectly!)", "has_sizes": true, "price": "12.00", "avg_rating": "0.0", "is_featured": false, "main_image": "bukram-bandana.jpg"}}, {"model": "products.product", "pk": 59, "fields": {"category": 4, "sku": "WBBL001", "name": "BLUE WASTE BAG DISPENSER", "description": "Our dog waste bag dispensers are a functional addition to your dog walks, best attached to our dog leads with a split ring included and can be clipped onto your trousers or travel bag.\r\n\r\nOther features include:\r\n\r\n~ Organic hemp lining\r\n~ Includes one roll of earth rated biodegradable poo bags\r\n~ Recycled bicycle inner tube details\r\n~ Snap fastening at the back to easily change the roll of bags\r\n~ Vegan/Plastic free eco friendly \r\n~ Match our range of dog collars & leads to complete a set\r\n\r\nDimensions:\r\n\r\nFrom the clip to the bottom length - 17.5cm X 6.5cm\r\nFabric length - 10.5cm X 6.5cm\r\n\r\nWashing:\r\n\r\nThese prefer to be hand-washed, however if this is not possible please machine wash no higher than 30°c inside a pillow case to cushion the metal clip.", "has_sizes": false, "price": "12.50", "avg_rating": "0.0", "is_featured": false, "main_image": "blue-dispenser-1.jpg"}}, {"model": "products.product", "pk": 60, "fields": {"category": 4, "sku": "WBMA001", "name": "MAROON WASTE BAG DISPENSER", "description": "Our dog waste bag dispensers are a functional addition to your dog walks, best attached to our dog leads with a split ring included and can be clipped onto your trousers or travel bag.\r\n\r\nOther features include:\r\n\r\n~ Organic hemp lining\r\n~ Includes one roll of earth rated biodegradable poo bags\r\n~ Recycled bicycle inner tube details\r\n~ Snap fastening at the back to easily change the roll of bags\r\n~ Vegan/Plastic free eco friendly \r\n~ Match our range of dog collars & leads to complete a set\r\n\r\nDimensions:\r\n\r\nFrom the clip to the bottom length - 17.5cm X 6.5cm\r\nFabric length - 10.5cm X 6.5cm\r\n\r\nWashing:\r\n\r\nThese prefer to be hand-washed, however if this is not possible please machine wash no higher than 30°c inside a pillow case to cushion the metal clip.", "has_sizes": false, "price": "12.50", "avg_rating": "0.0", "is_featured": false, "main_image": "maroon-dispenser-1.jpg"}}, {"model": "products.product", "pk": 61, "fields": {"category": 4, "sku": "WBOR001", "name": "ORANGE WASTE BAG DISPENSER", "description": "Our dog waste bag dispensers are a functional addition to your dog walks, best attached to our dog leads with a split ring included and can be clipped onto your trousers or travel bag.\r\n\r\nOther features include:\r\n\r\n~ Organic hemp lining\r\n~ Includes one roll of earth rated biodegradable poo bags\r\n~ Recycled bicycle inner tube details\r\n~ Snap fastening at the back to easily change the roll of bags\r\n~ Vegan/Plastic free eco friendly \r\n~ Match our range of dog collars & leads to complete a set\r\n\r\nDimensions:\r\n\r\nFrom the clip to the bottom length - 17.5cm X 6.5cm\r\nFabric length - 10.5cm X 6.5cm\r\n\r\nWashing:\r\n\r\nThese prefer to be hand-washed, however if this is not possible please machine wash no higher than 30°c inside a pillow case to cushion the metal clip.", "has_sizes": false, "price": "12.50", "avg_rating": "0.0", "is_featured": false, "main_image": "orange-dispenser-1.jpg"}}, {"model": "products.product", "pk": 62, "fields": {"category": 4, "sku": "WBPI001", "name": "PINK WASTE BAG DISPENSER", "description": "Our dog waste bag dispensers are a functional addition to your dog walks, best attached to our dog leads with a split ring included and can be clipped onto your trousers or travel bag.\r\n\r\nOther features include:\r\n\r\n~ Organic hemp lining\r\n~ Includes one roll of earth rated biodegradable poo bags\r\n~ Recycled bicycle inner tube details\r\n~ Snap fastening at the back to easily change the roll of bags\r\n~ Vegan/Plastic free eco friendly \r\n~ Match our range of dog collars & leads to complete a set\r\n\r\nDimensions:\r\n\r\nFrom the clip to the bottom length - 17.5cm X 6.5cm\r\nFabric length - 10.5cm X 6.5cm\r\n\r\nWashing:\r\n\r\nThese prefer to be hand-washed, however if this is not possible please machine wash no higher than 30°c inside a pillow case to cushion the metal clip.", "has_sizes": false, "price": "12.50", "avg_rating": "0.0", "is_featured": false, "main_image": "pink-dispenser-1.jpg"}}, {"model": "products.product", "pk": 63, "fields": {"category": 4, "sku": "WBPU001", "name": "PURPLE WASTE BAG DISPENSER", "description": "Our dog waste bag dispensers are a functional addition to your dog walks, best attached to our dog leads with a split ring included and can be clipped onto your trousers or travel bag.\r\n\r\nOther features include:\r\n\r\n~ Organic hemp lining\r\n~ Includes one roll of earth rated biodegradable poo bags\r\n~ Recycled bicycle inner tube details\r\n~ Snap fastening at the back to easily change the roll of bags\r\n~ Vegan/Plastic free eco friendly \r\n~ Match our range of dog collars & leads to complete a set\r\n\r\nDimensions:\r\n\r\nFrom the clip to the bottom length - 17.5cm X 6.5cm\r\nFabric length - 10.5cm X 6.5cm\r\n\r\nWashing:\r\n\r\nThese prefer to be hand-washed, however if this is not possible please machine wash no higher than 30°c inside a pillow case to cushion the metal clip.", "has_sizes": false, "price": "12.50", "avg_rating": "0.0", "is_featured": false, "main_image": "purple-dispenser-1.jpg"}}, {"model": "products.product", "pk": 64, "fields": {"category": 4, "sku": "WBMO001", "name": "MONO WASTE BAG DISPENSER", "description": "Our dog waste bag dispensers are a functional addition to your dog walks, best attached to our dog leads with a split ring included and can be clipped onto your trousers or travel bag.\r\n\r\nOther features include:\r\n\r\n~ Organic hemp lining\r\n~ Includes one roll of earth rated biodegradable poo bags\r\n~ Recycled bicycle inner tube details\r\n~ Snap fastening at the back to easily change the roll of bags\r\n~ Vegan/Plastic free eco friendly \r\n~ Match our range of dog collars & leads to complete a set\r\n\r\nDimensions:\r\n\r\nFrom the clip to the bottom length - 17.5cm X 6.5cm\r\nFabric length - 10.5cm X 6.5cm\r\n\r\nWashing:\r\n\r\nThese prefer to be hand-washed, however if this is not possible please machine wash no higher than 30°c inside a pillow case to cushion the metal clip.", "has_sizes": false, "price": "12.50", "avg_rating": "0.0", "is_featured": false, "main_image": "mono-dispenser-1.jpg"}}, {"model": "products.productimage", "pk": 77, "fields": {"product": 50, "extra_images": "bukram-collar-2.jpg"}}, {"model": "products.productimage", "pk": 78, "fields": {"product": 50, "extra_images": "bukram-collar-3.jpg"}}, {"model": "products.productimage", "pk": 79, "fields": {"product": 51, "extra_images": "shivu-collar-2.jpg"}}, {"model": "products.productimage", "pk": 80, "fields": {"product": 51, "extra_images": "shivu-collar-3.jpg"}}, {"model": "products.productimage", "pk": 81, "fields": {"product": 52, "extra_images": "tolla-collar-2.jpg"}}, {"model": "products.productimage", "pk": 82, "fields": {"product": 52, "extra_images": "tolla-collar-3.jpg"}}, {"model": "products.productimage", "pk": 83, "fields": {"product": 53, "extra_images": "shivu-lead-2.jpg"}}, {"model": "products.productimage", "pk": 84, "fields": {"product": 54, "extra_images": "bukram-lead-2.jpg"}}, {"model": "products.productimage", "pk": 85, "fields": {"product": 55, "extra_images": "tolla-lead-2.jpg"}}, {"model": "products.productimage", "pk": 86, "fields": {"product": 56, "extra_images": "tolla-set-1.jpg"}}, {"model": "products.productimage", "pk": 87, "fields": {"product": 57, "extra_images": "shivu-set-1.jpg"}}, {"model": "products.productimage", "pk": 88, "fields": {"product": 58, "extra_images": "bukram-set-1.jpg"}}, {"model": "products.productimage", "pk": 89, "fields": {"product": 59, "extra_images": "blue-dispenser-2.jpg"}}, {"model": "products.productimage", "pk": 90, "fields": {"product": 59, "extra_images": "blue-dispenser-3.jpg"}}, {"model": "products.productimage", "pk": 91, "fields": {"product": 60, "extra_images": "maroon-dispenser-2.jpg"}}, {"model": "products.productimage", "pk": 92, "fields": {"product": 60, "extra_images": "maroon-dispenser-3.jpg"}}, {"model": "products.productimage", "pk": 93, "fields": {"product": 61, "extra_images": "orange-dispenser-2.jpg"}}, {"model": "products.productimage", "pk": 94, "fields": {"product": 61, "extra_images": "orange-dispenser-3.jpg"}}, {"model": "products.productimage", "pk": 95, "fields": {"product": 62, "extra_images": "pink-dispenser-2.jpg"}}, {"model": "products.productimage", "pk": 96, "fields": {"product": 62, "extra_images": "pink-dispenser-3.jpg"}}, {"model": "products.productimage", "pk": 97, "fields": {"product": 63, "extra_images": "purple-dispenser-2.jpg"}}, {"model": "products.productimage", "pk": 98, "fields": {"product": 63, "extra_images": "purple-dispenser-3.jpg"}}, {"model": "products.productimage", "pk": 99, "fields": {"product": 64, "extra_images": "mono-dispenser-2.jpg"}}, {"model": "products.productimage", "pk": 100, "fields": {"product": 64, "extra_images": "mono-dispenser-3.jpg"}}]